p_e,p_s,peg,roe,eps,growth,beta,sigma,sharpe
25.129618,9.765044,,0.34390998,15.97,0.15669962013071279,1.084,0.1994954516034112,0.6313822124723141
