p_e,p_s,peg,roe,eps,growth,beta,sigma,sharpe
25.129618,9.765044,,0.34390998,15.97,0.1493215623240672,1.084,0.24298744311058268,0.6283883170718411
