p_e,p_s,peg,roe,eps,growth,beta,sigma,sharpe
28.255085,9.180647,,0.35705003,10.82,0.15090081081544376,1.086,0.32411611199121027,1.649883589458344
