p_e,p_s,peg,roe,eps,growth,beta,sigma,sharpe
32.377216,8.630139,,1.5202099,7.9,0.020219940775141214,1.107,0.22419712640506914,1.3403873097880907
