,AAPL,AMGN,HON
AAPL,1.0,0.23932349305628917,0.41760767989113445
AMGN,0.23932349305628917,1.0,0.30016438208867485
HON,0.41760767989113445,0.30016438208867485,0.9999999999999999
