,AAPL,AMGN,HON
AAPL,0.00030612747762100894,6.286103827325449e-05,9.848249362405783e-05
AMGN,6.286103827325449e-05,0.00022557815189490696,6.076889068281614e-05
HON,9.848249362405783e-05,6.076889068281614e-05,0.00018166886126536868
