,AAPL,AMGN,HON
AAPL,0.9999999999999998,0.2392922507948319,0.4176611663150713
AMGN,0.2392922507948319,1.0000000000000002,0.30027432523346864
HON,0.4176611663150713,0.30027432523346864,1.0000000000000002
