p_e,p_s,peg,roe,eps,growth,beta,sigma,sharpe
28.255085,9.180647,,0.35705003,10.82,,1.086,0.21648292680847325,-1.2525939264691939
