p_e,p_s,peg,roe,eps,growth,beta,sigma,sharpe
32.377216,8.630139,,1.5202099,7.9,0.0642551178283274,1.107,0.32464097390423113,0.42030725822771586
