p_e,p_s,peg,roe,eps,growth,beta,sigma,sharpe
28.255085,9.180647,,0.35705003,10.82,0.13866243322901553,1.086,0.2807771341473302,1.1720480704364535
