p_e,p_s,peg,roe,eps,growth,beta,sigma,sharpe
28.255085,9.180647,,0.35705003,10.82,0.08682770227269514,1.086,0.3039818143564213,1.5507751532437553
