p_e,p_s,peg,roe,eps,growth,beta,sigma,sharpe
25.129618,9.765044,,0.34390998,15.97,0.06882029555656428,1.084,0.25120358540005244,1.8584866491371481
