p_e,p_s,peg,roe,eps,growth,beta,sigma,sharpe
32.377216,8.630139,,1.5202099,7.9,,1.107,0.2792236548409053,-1.741125058512881
