p_e,p_s,peg,roe,eps,growth,beta,sigma,sharpe
32.377216,8.630139,,1.5202099,7.9,,1.107,0.35672093680124517,-0.8424572228831877
