p_e,p_s,peg,roe,eps,growth,beta,sigma,sharpe
32.377216,8.630139,,1.5202099,7.9,-0.028004605303199367,1.107,0.1995431410995641,2.1669586352290113
