p_e,p_s,peg,roe,eps,growth,beta,sigma,sharpe
25.129618,9.765044,,0.34390998,15.97,,1.084,0.4074379992622408,-3.3619360947421346
