p_e,p_s,peg,roe,eps,growth,beta,sigma,sharpe
28.255085,9.180647,,0.35705003,10.82,,1.086,0.22227071175764762,1.5939343112458186
